,user,item,score
0,100002,XY_XY Collection_Shirt_Fashion_F_42_FASHION,0.9999999403953552
1,100002,XY_XY Classics_Shirt_Fashion_F_42_FASHION,0.8491203188896179
2,100002,XY_XY Permapress_Shirt_Fashion_F_42_BASIC PLUS,0.8481682538986206
3,100002,XY_XY Sports_Shirt_Fashion_F_39_FASHION,0.8472557067871094
4,100002,XY_XY Permapress_Shirt_Fashion_F_42_FASHION,0.69576495885849
5,100002,XY_XY Sports_Shirt_Basic Plus_F_39_BASIC PLUS,0.6957318186759949
6,100002,XY_XY Permapress_Shirt_Basic Plus_F_42_BASIC PLUS,0.6953508853912354
7,100002,XY_XY Collection_Trouser_Fashion_#_86_FASHION,0.6950098872184753
8,100002,XY_XY Sports_Shirt_Basic Plus_F_40_BASIC PLUS,0.694067656993866
9,100002,XY_XY At Leisure_Trouser_Core_#_82_CORE,0.5459710359573364
0,100004,XY_XY Formal_Trouser_Core_#_92_CORE,1.0
1,100004,XY_XY Collection_Trouser_Fashion_#_82_FASHION,0.9997825026512146
2,100004,XY_XY Collection_Trouser_Fashion_#_92_FASHION,0.9186521768569946
3,100004,XY_XY Classics_Shirt_Fashion_H_42_FASHION,0.8387815952301025
4,100004,XY_XY Sports_Shirt_Basic Plus_H_42_BASIC PLUS,0.8377480506896973
5,100004,XY_XY Collection_Trouser_Fashion_#_86_FASHION,0.8374502062797546
6,100004,XY_XY Collection_Trouser_Basic Plus_#_82_BASIC PLUS,0.7560983300209045
7,100004,XY_XY Classics_Shirt_Fashion_H_40_FASHION,0.6760815978050232
8,100004,XY_XY At Leisure_Trouser_Core_#_92_CORE,0.675519585609436
9,100004,XY_XY Permapress_Shirt_Basic Plus_F_44_BASIC PLUS,0.6751285791397095
0,100018,XY_XY Sports_Shirt_Fashion_F_42_FASHION,1.0
1,100018,XY_XY Sports_Shirt_Fashion_F_40_FASHION,0.8158199191093445
2,100018,XY_XY Sports_Shirt_Fashion_F_44_BASIC PLUS,0.6325231790542603
3,100018,XY_XY Gods & Kings_Shirt_Fashion_F_42_FASHION,0.6325017213821411
4,100018,XY_XY Sports_Shirt_Fashion_F_39_FASHION,0.6323367953300476
5,100018,XY_XY Sports_Shirt_Fashion_F_40_BASIC PLUS,0.6321592926979065
6,100018,XY_XY Sports_Shirt_Fashion_F_44_FASHION,0.5711897611618042
7,100018,XY_XY Sports_Shirt_Fashion_F_39_BASIC PLUS,0.5706263780593872
8,100018,XY_XY Sports_Trouser_Basic Plus_#_86_BASIC PLUS,0.5097498893737793
9,100018,XY_XY Permapress_Shirt_Basic Plus_F_42_BASIC PLUS,0.5095134973526001
0,100045,XY_XY Sports_Shirt_Fashion_F_39_FASHION,1.0
1,100045,XY_XY Collection_Trouser_Fashion_#_86_FASHION,0.8923835158348083
2,100045,XY_XY Collection_Shirt_Basic Plus_H_40_BASIC PLUS,0.785559892654419
3,100045,XY_XY Sports_Trouser_Fashion_#_82_FASHION,0.7851139903068542
4,100045,XY_XY Classics_Shirt_Fashion_F_40_FASHION,0.7847176790237427
5,100045,XY_XY Collection_Trouser_Basic Plus_#_96_BASIC PLUS,0.6776195764541626
6,100045,XY_XY Collection_Trouser_Basic Plus_#_86_BASIC PLUS,0.6775780320167542
7,100045,XY_XY Permapress_Shirt_Basic Plus_F_42_BASIC PLUS,0.6770148277282715
8,100045,XY_XY Sports_Shirt_Fashion_F_42_FASHION,0.6768038868904114
9,100045,XY_XY Sports_Shirt_Basic Plus_F_39_BASIC PLUS,0.676698625087738
0,100067,XY_XY Permapress_Shirt_Basic Plus_F_42_BASIC PLUS,1.0
1,100067,XY_XY Classics_Shirt_Basic Plus_F_40_BASIC PLUS,0.9998701810836792
2,100067,XY_XY Permapress_Shirt_Basic Plus_F_40_BASIC PLUS,0.8805893659591675
3,100067,XY_XY Permapress_Shirt_Fashion_F_40_BASIC PLUS,0.801041305065155
4,100067,XY_XY Gods & Kings_Shirt_Basic Plus_F_40_BASIC PLUS,0.7216503620147705
5,100067,XY_XY Collection_Trouser_Basic Plus_#_86_BASIC PLUS,0.7216006517410278
6,100067,XY_XY Classics_Shirt_Basic Plus_F_42_BASIC PLUS,0.7214956879615784
7,100067,XY_XY Gods & Kings_Shirt_Basic Plus_F_39_BASIC PLUS,0.6421548128128052
8,100067,XY_XY Classics_Shirt_Basic Plus_F_39_BASIC PLUS,0.6421247720718384
9,100067,XY_XY Permapress_Shirt_Basic Plus_F_39_BASIC PLUS,0.6022391319274902
0,100160,XY_XY Collection_Trouser_Basic Plus_#_86_BASIC PLUS,0.9999999403953552
1,100160,XY_XY Sports_Shirt_Fashion_F_40_FASHION,0.999787449836731
2,100160,XY_XY Sports_Shirt_Fashion_F_40_BASIC PLUS,0.941673994064331
3,100160,XY_XY Permapress_Shirt_Basic Plus_F_39_BASIC PLUS,0.8838330507278442
4,100160,XY_XY Sports_Trouser_Fashion_#_86_FASHION,0.7675372362136841
5,100160,XY_XY Sports_Shirt_Basic Plus_F_40_BASIC PLUS,0.7673171758651733
6,100160,XY_XY Collection_Trouser_Fashion_#_86_FASHION,0.7091420292854309
7,100160,XY_XY Permapress_Shirt_Fashion_F_40_FASHION,0.6509766578674316
8,100160,XY_XY Sports_Shirt_Fashion_F_42_BASIC PLUS,0.6509642601013184
9,100160,XY_XY Permapress_Shirt_Basic Plus_F_42_BASIC PLUS,0.6509196758270264
0,100215,XY_XY Sports_Shirt_Fashion_F_39_FASHION,1.0
1,100215,XY_XY Sports_Shirt_Fashion_F_39_BASIC PLUS,0.9644811749458313
2,100215,XZ_XZ Rider_T Shirt_Fashion_H_L_FASHION,0.893786609172821
3,100215,XZ_XZ Rider_Shirt_Fashion_F_39_FASHION,0.8227358460426331
4,100215,XY_XY Sports_Shirt_Fashion_F_40_FASHION,0.822655200958252
5,100215,XY_XY Sports_Trouser_Basic Plus_#_86_BASIC PLUS,0.7518336772918701
6,100215,XY_XY Sports_Shirt_Fashion_F_42_FASHION,0.7518231272697449
7,100215,XY_XY Sports_Shirt_Fashion_F_42_BASIC PLUS,0.7517603635787964
8,100215,XZ_XZ Rider_Shirt_Fashion_F_42_FASHION,0.6808168292045593
9,100215,XZ_XZ Rider_Shirt_Fashion_F_40_FASHION,0.6455819606781006
0,100220,XY_XY Sports_Shirt_Fashion_F_42_FASHION,1.0
1,100220,XY_XY Sports_Shirt_Fashion_F_40_FASHION,0.897840142250061
2,100220,XY_XY Sports_Shirt_Fashion_F_39_FASHION,0.41341128945350647
3,100220,XZ_XZ Rider_Shirt_Fashion_F_40_FASHION,0.38813284039497375
4,100220,XZ_XZ Rider_T Shirt_Fashion_H_XL_FASHION,0.33684906363487244
5,100220,XY_XY Sports_Shirt_Fashion_F_40_BASIC PLUS,0.31136855483055115
6,100220,XX_XX Luxure_Shirt_Fashion_F_40_FASHION,0.2605449855327606
7,100220,XY_XY Sports_Trouser_Basic Plus_#_86_BASIC PLUS,0.2603084444999695
8,100220,XY_XY Collection_T Shirt_Core_H_L_CORE,0.23500598967075348
9,100220,XY_XY Permapress_Shirt_Basic Plus_F_42_BASIC PLUS,0.23490922152996063
0,100245,XY_XY Sports_Shirt_Fashion_F_40_FASHION,1.0
1,100245,XY_XY Sports_Shirt_Fashion_F_42_FASHION,0.7951038479804993
2,100245,XY_XY Sports_Shirt_Fashion_F_39_FASHION,0.7130101919174194
3,100245,XY_XY Sports_Shirt_Fashion_F_44_FASHION,0.6720194220542908
4,100245,XY_XY Sports_Shirt_Fashion_F_42_BASIC PLUS,0.6312508583068848
5,100245,XY_XY Classics_Shirt_Fashion_F_44_BASIC PLUS,0.630991518497467
6,100245,XX_XX Luxure_Trouser_Fashion_#_96_FASHION,0.5492281317710876
7,100245,XX_XX Luxure_Trouser_Basic Plus_#_96_BASIC PLUS,0.5086333751678467
8,100245,XY_XY Collection_Shirt_Fashion_F_42_FASHION,0.5083615779876709
9,100245,XY_XY Gods & Kings_Shirt_Fashion_F_42_FASHION,0.5078927278518677
0,100265,XY_XY Sports_Shirt_Fashion_F_42_BASIC PLUS,1.0
1,100265,XY_XY Sports_Trouser_Basic Plus_#_82_BASIC PLUS,0.9054856300354004
2,100265,XY_XY Sports_Shirt_Fashion_F_42_FASHION,0.8086261749267578
3,100265,XY_XY Sports_Shirt_Basic Plus_F_40_BASIC PLUS,0.7125410437583923
4,100265,XY_XY Sports_Trouser_Fashion_#_92_FASHION,0.6194310784339905
5,100265,XZ_XZ Rider_Jeans_Fashion_#_86_CORE,0.6182695627212524
6,100265,XY_XY Sports_Trouser_Fashion_#_82_FASHION,0.5217547416687012
7,100265,XY_XY Sports_Shirt_Basic Plus_F_44_BASIC PLUS,0.520965039730072
8,100265,XY_XY Sports_Shirt_Fashion_F_44_FASHION,0.5202814936637878
9,100265,XY_XY Permapress_Shirt_Fashion_F_40_BASIC PLUS,0.5202250480651855
0,100268,XY_XY Collection_Shirt_Fashion_F_40_FASHION,1.0
1,100268,XY_XY Collection_Shirt_Fashion_F_40_BASIC PLUS,0.8500953316688538
2,100268,XY_XY Permapress_Shirt_Fashion_F_40_BASIC PLUS,0.8467351794242859
3,100268,XY_XY Classics_Shirt_Basic Plus_F_40_BASIC PLUS,0.6979063153266907
4,100268,XY_XY Sports_Shirt_Basic Plus_F_42_BASIC PLUS,0.695336103439331
5,100268,XY_XY Collection_Trouser_Fashion_#_86_CORE,0.6950883865356445
6,100268,XY_XY Sports_Shirt_Fashion_F_40_HIGH FASHION,0.6939652562141418
7,100268,XY_XY Classics_Shirt_Fashion_F_42_BASIC PLUS,0.5518243908882141
8,100268,XY_XY City_Shirt_Fashion_F_42_FASHION,0.5487991571426392
9,100268,XY_XY At Leisure_Trouser_Core_#_96_CORE,0.548717200756073
0,100283,XY_XY Sports_Shirt_Fashion_F_40_BASIC PLUS,0.9999999403953552
1,100283,XY_XY Sports_Shirt_Fashion_F_42_FASHION,0.7914631366729736
2,100283,XY_XY Sports_Shirt_Fashion_F_39_FASHION,0.7218549251556396
3,100283,XY_XY Sports_Shirt_Basic Plus_H_42_BASIC PLUS,0.58366459608078
4,100283,XY_XY Sports_Shirt_Fashion_F_39_BASIC PLUS,0.5819374918937683
5,100283,XY_XY Sports_T Shirt_High Fashion_H_L_HIGH FASHION,0.44428759813308716
6,100283,XY_XY Sports_T Shirt_Fashion_H_L_FASHION,0.4436599612236023
7,100283,XY_XY Sports_Shirt_Fashion_F_42_BASIC PLUS,0.44265252351760864
8,100283,XY_XY Sports_Shirt_Fashion_F_40_FASHION,0.44232168793678284
9,100283,XY_XY Sports_T Shirt_High Fashion_H_M_HIGH FASHION,0.3758727014064789
0,100291,XY_XY Permapress_Shirt_Fashion_F_40_BASIC PLUS,1.0
1,100291,XY_XY Sports_Shirt_Fashion_H_40_FASHION,0.7363407611846924
2,100291,XY_XY Sports_Shirt_Fashion_F_40_FASHION,0.5998196601867676
3,100291,XY_XY City_Shirt_Fashion_F_42_FASHION,0.4687901735305786
4,100291,XY_XY At Leisure_Trouser_Core_#_86_CORE,0.46873608231544495
5,100291,XY_XY Permapress_Shirt_Fashion_F_40_FASHION,0.46674415469169617
6,100291,XY_XY Collection_Trouser_Fashion_#_86_CORE,0.33917689323425293
7,100291,XY_XY Formal_Trouser_Fashion_#_96_BASIC PLUS,0.3373670279979706
8,100291,XY_XY Collection_Trouser_Fashion_#_96_BASIC PLUS,0.33596527576446533
9,100291,XY_XY Gods & Kings_Shirt_Fashion_F_39_BASIC PLUS,0.3343849778175354
0,100306,XY_XY Collection_Trouser_Basic Plus_#_92_BASIC PLUS,1.0
1,100306,XY_XY Sports_Shirt_Fashion_F_42_FASHION,0.9993724226951599
2,100306,XY_XY Sports_Shirt_Fashion_F_42_BASIC PLUS,0.9983828067779541
3,100306,XY_XY Sports_Shirt_Basic Plus_F_40_BASIC PLUS,0.9978399276733398
4,100306,XY_XY Collection_Trouser_Fashion_#_86_CORE,0.6428803205490112
5,100306,XY_XY Sports_Trouser_Fashion_#_92_FASHION,0.6398505568504333
6,100306,XY_XY Sports_Shirt_Fashion_F_40_FASHION,0.6387877464294434
7,100306,XY_XY Gods & Kings_Shirt_Basic Plus_F_40_BASIC PLUS,0.6383757591247559
8,100306,XY_XY Collection_Trouser_Fashion_#_86_FASHION,0.6383721232414246
9,100306,XY_XY Gods & Kings_Shirt_Basic Plus_F_42_BASIC PLUS,0.6383565664291382
0,100319,XY_XY Gods & Kings_Shirt_Basic Plus_F_42_BASIC PLUS,0.9999999403953552
1,100319,XY_XY Sports_Trouser_Basic Plus_#_86_BASIC PLUS,0.8604168891906738
2,100319,XY_XY Classics_Shirt_Fashion_F_42_FASHION,0.7914266586303711
3,100319,XY_XY Gods & Kings_Shirt_Basic Plus_F_40_BASIC PLUS,0.7902964353561401
4,100319,XY_XY Collection_Trouser_Fashion_#_86_FASHION,0.5817736387252808
5,100319,XY_XY Collection_Trouser_Basic Plus_#_92_BASIC PLUS,0.5816141366958618
6,100319,XY_XY Permapress_Shirt_Basic Plus_F_40_BASIC PLUS,0.5815043449401855
7,100319,XY_XY Sports_Trouser_Fashion_#_86_FASHION,0.5809824466705322
8,100319,XY_XY Sports_Trouser_Fashion_#_92_FASHION,0.5131692886352539
9,100319,XY_XY Collection_Trouser_Fashion_#_92_FASHION,0.5121358036994934
0,100325,XY_XY Sports_Shirt_Fashion_F_40_FASHION,0.9999999403953552
1,100325,XY_XY Sports_Shirt_Fashion_F_42_FASHION,0.9645688533782959
2,100325,XY_XY Sports_Shirt_Fashion_F_39_FASHION,0.7163565158843994
3,100325,XY_XY Sports_Shirt_Fashion_F_40_BASIC PLUS,0.4683396518230438
4,100325,XY_XY Sports_Shirt_Fashion_F_39_BASIC PLUS,0.39736858010292053
5,100325,XY_XY Sports_Shirt_Fashion_F_44_FASHION,0.3973233997821808
6,100325,XY_XY Sports_Trouser_Fashion_#_86_CORE,0.3618661165237427
7,100325,XZ_XZ Rider_Jeans_Core_#_86_CORE,0.3266178369522095
8,100325,XY_XY Sports_Trouser_Basic Plus_#_82_BASIC PLUS,0.3263039290904999
9,100325,XY_XY Sports_Trouser_Basic Plus_#_86_BASIC PLUS,0.2910868227481842
0,100327,XY_XY Sports_Shirt_Fashion_F_42_FASHION,1.0
1,100327,XY_XY Sports_Shirt_Fashion_F_40_FASHION,0.9059827923774719
2,100327,XY_XY Collection_Trouser_Fashion_#_86_FASHION,0.8591589331626892
3,100327,XY_XY Classics_Shirt_Fashion_F_40_FASHION,0.8124011158943176
4,100327,XY_XY Sports_Trouser_Basic Plus_#_86_BASIC PLUS,0.7185283899307251
5,100327,XY_XY City_Shirt_Fashion_F_40_FASHION,0.6247546672821045
6,100327,XY_XY Sports_Shirt_Fashion_F_40_BASIC PLUS,0.6243000030517578
7,100327,XZ_XZ Rider_Jeans_Fashion_#_86_CORE,0.5780525207519531
8,100327,XY_XY Classics_Shirt_Fashion_F_39_FASHION,0.5777718424797058
9,100327,XY_XY Sports_Trouser_Basic Plus_#_82_BASIC PLUS,0.5777693390846252
0,100338,XY_XY Sports_Trouser_Basic Plus_#_86_BASIC PLUS,1.0
1,100338,XY_XY Sports_Trouser_Basic Plus_#_82_BASIC PLUS,0.9452893137931824
2,100338,XY_XY Sports_Trouser_Basic Plus_#_92_BASIC PLUS,0.8362607359886169
3,100338,XY_XY Collection_Shirt_Fashion_F_39_FASHION,0.8360928297042847
4,100338,XY_XY Sports_Shirt_Fashion_F_40_FASHION,0.8359249830245972
5,100338,XY_XY Sports_Shirt_Fashion_F_39_FASHION,0.7813042402267456
6,100338,XY_XY Classics_Shirt_Fashion_F_39_BASIC PLUS,0.7812021374702454
7,100338,XY_XY Sports_T Shirt_Fashion_H_L_FASHION,0.6719169616699219
8,100338,XY_XY Sports_Shirt_Fashion_F_40_BASIC PLUS,0.6175207495689392
9,100338,XY_XY Collection_Shirt_Fashion_F_40_FASHION,0.5632453560829163
0,100362,XY_XY Sports_Shirt_Fashion_F_42_FASHION,1.0
1,100362,XZ_XZ Rider_Shirt_Fashion_F_42_FASHION,0.8633711934089661
2,100362,XZ_XZ Rider_T Shirt_Fashion_H_L_FASHION,0.8633345365524292
3,100362,XY_XY Sports_Shirt_Fashion_F_40_FASHION,0.8630163669586182
4,100362,XZ_XZ Rider_Shirt_Fashion_F_40_FASHION,0.7606971263885498
5,100362,XY_XY Sports_Trouser_Basic Plus_#_86_BASIC PLUS,0.6918712854385376
6,100362,XY_XY Sports_Trouser_Basic Plus_#_82_BASIC PLUS,0.5891212224960327
7,100362,XY_XY Sports_T Shirt_Core_H_XL_CORE,0.5551714301109314
8,100362,XY_XY Sports_T Shirt_Core_H_L_CORE,0.5211899876594543
9,100362,XZ_XZ Rider_T Shirt_Fashion_H_M_FASHION,0.5208364725112915
0,100372,XY_XY Collection_T Shirt_Basic Plus_H_XL_BASIC PLUS,1.0
1,100372,XY_XY Sports_Trouser_Basic Plus_#_86_BASIC PLUS,0.8951988816261292
2,100372,XY_XY Sports_Shirt_Fashion_F_39_FASHION,0.7917748093605042
3,100372,XY_XY Collection_T Shirt_Basic Plus_H_L_BASIC PLUS,0.7912327647209167
4,100372,XY_XY Sports_Shirt_Fashion_F_40_BASIC PLUS,0.7397988438606262
5,100372,XY_XY Sports_Shirt_Fashion_F_40_FASHION,0.6359127163887024
6,100372,XY_XY Collection_T Shirt_Basic Plus_H_M_BASIC PLUS,0.58406001329422
7,100372,XY_XY Sports_Shirt_Fashion_F_39_BASIC PLUS,0.5837514996528625
8,100372,XY_XY Sports_Shirt_Fashion_F_42_FASHION,0.5324652194976807
9,100372,XY_XY Sports_Trouser_Basic Plus_#_82_BASIC PLUS,0.4801705479621887
0,100409,XY_XY Sports_Shirt_Fashion_F_42_FASHION,1.0
1,100409,XY_XY Sports_Shirt_Fashion_F_40_BASIC PLUS,0.680065393447876
2,100409,XY_XY Sports_Shirt_Fashion_F_42_BASIC PLUS,0.6533495187759399
3,100409,XX_XX Luxure_Trouser_Fashion_#_92_FASHION,0.6003926992416382
4,100409,XY_XY Sports_Trouser_Basic Plus_#_86_BASIC PLUS,0.5465713143348694
5,100409,XY_XY Sports_Shirt_Fashion_F_39_FASHION,0.5198731422424316
6,100409,XY_XY Classics_Shirt_Basic Plus_F_42_BASIC PLUS,0.5198288559913635
7,100409,XX_XX Luxure_Shirt_Fashion_F_42_FASHION,0.4934098720550537
8,100409,XY_XY Sports_Shirt_Fashion_F_39_BASIC PLUS,0.4933561384677887
9,100409,XZ_XZ Rider_Shirt_Fashion_F_42_FASHION,0.49286019802093506
0,100411,XY_XY Sports_Trouser_Basic Plus_#_86_BASIC PLUS,1.0
1,100411,XY_XY Sports_Shirt_Fashion_F_42_BASIC PLUS,0.9485129117965698
2,100411,XZ_XZ Rider_T Shirt_Fashion_H_L_FASHION,0.7938122749328613
3,100411,XY_XY Sports_Shirt_Fashion_F_40_BASIC PLUS,0.7934257388114929
4,100411,XY_XY Sports_Shirt_Fashion_F_42_FASHION,0.7933477163314819
5,100411,XY_XY Sports_Trouser_Basic Plus_#_92_BASIC PLUS,0.7416627407073975
6,100411,XY_XY Sports_Shirt_Fashion_F_40_FASHION,0.6903247237205505
7,100411,XZ_XZ Rider_T Shirt_Fashion_H_M_FASHION,0.6900302171707153
8,100411,XY_XY Sports_Shirt_Fashion_F_39_FASHION,0.6383346319198608
9,100411,XZ_XZ Rider_Shirt_Fashion_F_42_FASHION,0.6382447481155396
0,100426,XY_XY Sports_Shirt_Fashion_F_40_BASIC PLUS,1.0
1,100426,XY_XY Sports_Shirt_Fashion_F_40_FASHION,0.9996215105056763
2,100426,XY_XY Collection_Trouser_Basic Plus_#_86_BASIC PLUS,0.8443464040756226
3,100426,XY_XY Sports_Shirt_Fashion_F_42_BASIC PLUS,0.8441442847251892
4,100426,XY_XY Sports_Shirt_Fashion_F_39_BASIC PLUS,0.8436954021453857
5,100426,XY_XY Sports_Shirt_Fashion_F_42_FASHION,0.8429771065711975
6,100426,XY_XY Sports_Shirt_Basic Plus_F_39_BASIC PLUS,0.690948486328125
7,100426,XZ_XZ Rider_Shirt_Fashion_F_39_FASHION,0.6906018257141113
8,100426,XY_XY Collection_T Shirt_Fashion_H_XL_FASHION,0.6899645924568176
9,100426,XY_XY Permapress_Shirt_Basic Plus_F_40_BASIC PLUS,0.6899642944335938
0,100434,XY_XY Collection_T Shirt_Basic Plus_H_XXL_BASIC PLUS,0.9999999403953552
1,100434,XY_XY Gods & Kings_Shirt_Basic Plus_F_42_BASIC PLUS,0.9986554384231567
2,100434,XX_XX Luxure_Shirt_Fashion_F_42_FASHION,0.8829424977302551
3,100434,XY_XY Collection_T Shirt_Fashion_H_L_FASHION,0.8820507526397705
4,100434,XY_XY Permapress_Shirt_Fashion_F_39_BASIC PLUS,0.8819831609725952
5,100434,XY_XY Collection_Trouser_Fashion_#_82_FASHION,0.8815809488296509
6,100434,XY_XY Collection_T Shirt_Core_H_L_CORE,0.8813848495483398
7,100434,XY_XY Classics_Shirt_Fashion_F_39_BASIC PLUS,0.8813754916191101
8,100434,XY_XY Permapress_Shirt_Fashion_F_42_FASHION,0.8811213374137878
9,100434,XY_XY Buy & Sell Access_Pocket Square_Core_#_0_CORE,0.769755482673645
0,100435,XY_XY Sports_Shirt_Fashion_F_39_FASHION,1.0
1,100435,XY_XY Sports_Shirt_Fashion_F_40_FASHION,0.7929826378822327
2,100435,XY_XY Sports_Trouser_Basic Plus_#_82_BASIC PLUS,0.6275710463523865
3,100435,XY_XY Sports_Shirt_Fashion_F_39_BASIC PLUS,0.6273954510688782
4,100435,XY_XY Sports_Trouser_Basic Plus_#_76_BASIC PLUS,0.5029786229133606
5,100435,XY_XY Sports_Trouser_Basic Plus_#_86_BASIC PLUS,0.4617849290370941
6,100435,XZ_XZ Rider_T Shirt_Fashion_H_M_FASHION,0.42018789052963257
7,100435,XZ_XZ Rider_Shirt_Fashion_F_40_FASHION,0.37908104062080383
8,100435,XY_XY Permapress_Shirt_Fashion_F_39_BASIC PLUS,0.3790076673030853
9,100435,XY_XY Sports_T Shirt_Core_H_L_CORE,0.37898850440979004
0,100447,XY_XY Sports_Shirt_Fashion_H_40_BASIC PLUS,1.0
1,100447,XY_XY Collection_T Shirt_Core_H_XXL_CORE,0.8464853763580322
2,100447,XY_XY Sports_Shirt_Fashion_F_42_FASHION,0.8412497639656067
3,100447,XY_XY Collection_T Shirt_Core_H_XL_CORE,0.8407332897186279
4,100447,XY_XY Collection_T Shirt_Core_H_L_CORE,0.6853040456771851
5,100447,XZ_XZ Rider_T Shirt_Fashion_H_M_FASHION,0.6829144954681396
6,100447,XY_XY Sports_T Shirt_Fashion_H_M_HIGH FASHION,0.5287337899208069
7,100447,XY_XY Sports_Shirt_Fashion_H_39_BASIC PLUS,0.5258532166481018
8,100447,XZ_XZ Rider_T Shirt_Fashion_H_XL_FASHION,0.524907112121582
9,100447,XY_XY Sports_Shirt_Fashion_H_42_BASIC PLUS,0.5246731042861938
0,100471,XY_XY Sports_Shirt_Fashion_F_39_FASHION,1.0
1,100471,XY_XY Sports_Shirt_Fashion_F_40_FASHION,0.8279365301132202
2,100471,XY_XY Sports_Shirt_Fashion_F_39_BASIC PLUS,0.7417840957641602
3,100471,XY_XY Sports_Shirt_Fashion_F_40_BASIC PLUS,0.6553983092308044
4,100471,XY_XY Sports_Trouser_Basic Plus_#_82_BASIC PLUS,0.6553857922554016
5,100471,XY_XY Sports_Shirt_Fashion_F_44_FASHION,0.569220244884491
6,100471,XY_XY Permapress_Shirt_Basic Plus_F_39_BASIC PLUS,0.5691341161727905
7,100471,XY_XY Permapress_Shirt_Fashion_F_40_FASHION,0.5262640118598938
8,100471,XY_XY Sports_Shirt_Fashion_F_42_BASIC PLUS,0.5262134075164795
9,100471,XY_XY Sports_Trouser_Basic Plus_#_86_BASIC PLUS,0.5261305570602417
0,100496,XY_XY Sports_Shirt_Fashion_F_42_FASHION,1.0
1,100496,XY_XY Collection_Trouser_Fashion_#_92_FASHION,0.806517481803894
2,100496,XY_XY Permapress_Shirt_Fashion_F_40_FASHION,0.8058111667633057
3,100496,XY_XY Permapress_Shirt_Fashion_F_42_FASHION,0.805342972278595
4,100496,XZ_XZ Rider_T Shirt_Fashion_H_L_FASHION,0.8051449656486511
5,100496,XY_XY Gods & Kings_Shirt_Basic Plus_F_42_BASIC PLUS,0.7412612438201904
6,100496,XY_XY Collection_T Shirt_Fashion_H_M_FASHION,0.676628053188324
7,100496,XX_XX Luxure_Shirt_Fashion_F_42_FASHION,0.6764269471168518
8,100496,XY_XY Collection_Trouser_Fashion_#_86_FASHION,0.6762614250183105
9,100496,XY_XY Sports_Shirt_Fashion_F_39_FASHION,0.6760716438293457
0,100522,XY_XY Sports_Shirt_Fashion_F_42_BASIC PLUS,1.0
1,100522,XY_XY Sports_Shirt_Fashion_F_40_BASIC PLUS,0.9994668364524841
2,100522,XY_XY Sports_Shirt_Fashion_F_40_FASHION,0.8929409384727478
3,100522,XZ_XZ Rider_Jeans_Basic Plus_#_82_BASIC PLUS,0.6852827072143555
4,100522,XY_XY Sports_Shirt_Fashion_F_44_BASIC PLUS,0.6810696125030518
5,100522,XY_XY Collection_Trouser_Basic Plus_#_86_BASIC PLUS,0.574836254119873
6,100522,XZ_XZ Rider_Jeans_Basic Plus_#_86_BASIC PLUS,0.47194284200668335
7,100522,XY_XY Sports_Trouser_Fashion_#_96_FASHION,0.4691247344017029
8,100522,XY_XY Sports_Shirt_Basic Plus_F_44_BASIC PLUS,0.468402236700058
9,100522,XY_XY Permapress_Shirt_Fashion_F_48_BASIC PLUS,0.3670988380908966
0,100529,XY_XY Collection_Trouser_Basic Plus_#_92_BASIC PLUS,1.0
1,100529,XY_XY Permapress_Shirt_Basic Plus_F_42_BASIC PLUS,0.9258593320846558
2,100529,XY_XY Collection_Trouser_Basic Plus_#_86_BASIC PLUS,0.7790781855583191
3,100529,XY_XY Sports_Shirt_Fashion_F_40_BASIC PLUS,0.7788302302360535
4,100529,XY_XY Collection_Trouser_Fashion_#_92_FASHION,0.7786884307861328
5,100529,XY_XY Sports_Shirt_Fashion_F_39_BASIC PLUS,0.7052546143531799
6,100529,XY_XY Collection_Trouser_Fashion_#_86_FASHION,0.7049011588096619
7,100529,XY_XY Sports_Shirt_Basic Plus_F_40_BASIC PLUS,0.7044796347618103
8,100529,XY_XY Gods & Kings_Shirt_Basic Plus_F_39_BASIC PLUS,0.6313830018043518
9,100529,XY_XY Collection_Trouser_Fashion_#_96_FASHION,0.6305978298187256
0,100552,XY_XY Sports_Shirt_Fashion_F_42_BASIC PLUS,0.9999999403953552
1,100552,XY_XY Sports_Shirt_Fashion_F_40_BASIC PLUS,0.9189930558204651
2,100552,XY_XY Sports_Shirt_Basic Plus_F_42_BASIC PLUS,0.6773011088371277
3,100552,XY_XY Sports_Shirt_Fashion_F_42_FASHION,0.596987783908844
4,100552,XY_XY Sports_Shirt_Fashion_F_40_FASHION,0.5963003039360046
5,100552,XY_XY Sports_Trouser_Basic Plus_#_92_BASIC PLUS,0.5162360072135925
6,100552,XY_XY Collection_Shirt_Core_F_40_CORE,0.4399614632129669
7,100552,XY_XY Collection_T Shirt_Core_H_XL_CORE,0.43696409463882446
8,100552,XY_XY City_Shirt_Fashion_F_42_FASHION,0.43671828508377075
9,100552,XY_XY Collection_Trouser_Basic Plus_#_96_BASIC PLUS,0.4359227418899536
0,100595,XY_XY Collection_T Shirt_Basic Plus_H_L_BASIC PLUS,1.0
1,100595,XY_XY Collection_T Shirt_Basic Plus_H_XXL_BASIC PLUS,0.8142869472503662
2,100595,XY_XY Permapress_Shirt_Basic Plus_F_40_BASIC PLUS,0.6284682750701904
3,100595,XY_XY Classics_Shirt_Basic Plus_H_40_BASIC PLUS,0.56708163022995
4,100595,XY_XY Classics_Shirt_Basic Plus_H_42_BASIC PLUS,0.5670322179794312
5,100595,XY_XY Collection_T Shirt_Basic Plus_H_XL_BASIC PLUS,0.5667984485626221
6,100595,XY_XY Gods & Kings_Shirt_Basic Plus_F_42_BASIC PLUS,0.5666142702102661
7,100595,XY_XY Collection_T Shirt_Core_H_L_CORE,0.5054451823234558
8,100595,XY_XY Collection_Trouser_Basic Plus_#_102_BASIC PLUS,0.5053673386573792
9,100595,XY_XY Collection_T Shirt_Fashion_H_L_FASHION,0.50502610206604
0,100597,XY_XY Sports_Shirt_Fashion_F_42_FASHION,0.9999999403953552
1,100597,XY_XY Sports_Shirt_Fashion_F_40_FASHION,0.9999962449073792
2,100597,XY_XY Permapress_Shirt_Basic Plus_F_42_BASIC PLUS,0.8602600693702698
3,100597,XY_XY Sports_Shirt_Fashion_F_44_FASHION,0.7205761671066284
4,100597,XY_XY Sports_Shirt_Basic Plus_F_40_BASIC PLUS,0.7205734848976135
5,100597,XY_XY Sports_Shirt_Fashion_H_40_BASIC PLUS,0.6513314247131348
6,100597,XZ_XZ Rider_T Shirt_Fashion_H_M_FASHION,0.6511567234992981
7,100597,XY_XY Collection_T Shirt_Basic Plus_H_M_BASIC PLUS,0.6499647498130798
8,100597,XY_XY Sports_Shirt_Basic Plus_F_42_BASIC PLUS,0.5806351900100708
9,100597,XY_XY Classics_Shirt_Basic Plus_F_40_BASIC PLUS,0.580165445804596
0,100637,XY_XY Sports_Shirt_Fashion_F_42_FASHION,1.0
1,100637,XY_XY City_Shirt_Fashion_F_42_FASHION,0.8612883687019348
2,100637,XZ_XZ Rider_T Shirt_Fashion_H_L_FASHION,0.8606827855110168
3,100637,XY_XY Sports_Shirt_Fashion_F_40_FASHION,0.8604373335838318
4,100637,XY_XY Permapress_Shirt_Basic Plus_F_42_BASIC PLUS,0.7909359931945801
5,100637,XY_XY City_Shirt_Fashion_F_40_FASHION,0.6522762775421143
6,100637,XZ_XZ Rider_Jeans_Fashion_#_82_FASHION,0.652057409286499
7,100637,XY_XY Permapress_Shirt_Fashion_F_42_BASIC PLUS,0.6517263054847717
8,100637,XY_XY Collection_T Shirt_Basic Plus_H_M_BASIC PLUS,0.6517147421836853
9,100637,XY_XY Formal_Trouser_Fashion_#_86_BASIC PLUS,0.6513949036598206
0,100638,XY_XY Sports_Shirt_Fashion_F_40_FASHION,1.0
1,100638,XY_XY Sports_Trouser_Fashion_#_82_FASHION,0.836123526096344
2,100638,XY_XY Sports_Trouser_Fashion_#_86_FASHION,0.8361105918884277
3,100638,XY_XY Sports_Shirt_Fashion_F_39_FASHION,0.8359439373016357
4,100638,XY_XY Permapress_Shirt_Basic Plus_F_39_BASIC PLUS,0.7817396521568298
5,100638,XY_XY Sports_Trouser_Basic Plus_#_82_BASIC PLUS,0.7817071676254272
6,100638,XY_XY Collection_T Shirt_Basic Plus_H_M_BASIC PLUS,0.7816154956817627
7,100638,XY_XY Sports_Trouser_Basic Plus_#_92_BASIC PLUS,0.7270049452781677
8,100638,XX_XX Luxure_Shirt_Basic Plus_F_40_BASIC PLUS,0.7269362211227417
9,100638,XY_XY Sports_Shirt_Fashion_F_42_FASHION,0.7265937924385071
0,100653,XY_XY Sports_Shirt_Fashion_F_40_BASIC PLUS,1.0
1,100653,XY_XY Sports_Shirt_Fashion_H_39_BASIC PLUS,0.5142871737480164
2,100653,XY_XY Sports_Shirt_Fashion_F_44_FASHION,0.5127983093261719
3,100653,XY_XY Sports_Shirt_Fashion_F_44_BASIC PLUS,0.5115812420845032
4,100653,XY_XY Formal_Trouser_Fashion_#_82_BASIC PLUS,0.5105341672897339
5,100653,XZ_XZ Rider_Jeans_Fashion_#_86_BASIC PLUS,0.3981766700744629
6,100653,XY_XY Sports_Trouser_Basic Plus_#_96_BASIC PLUS,0.3950411081314087
7,100653,XY_XY Sports_Trouser_Basic Plus_#_76_BASIC PLUS,0.3947286009788513
8,100653,XY_XY Permapress_Shirt_Fashion_F_39_FASHION,0.3943578004837036
9,100653,XY_XY Sports_Shirt_Fashion_F_40_FASHION,0.394132137298584
0,100667,XY_XY Sports_Shirt_Fashion_F_42_FASHION,1.0
1,100667,XY_XY Sports_Shirt_Fashion_F_42_BASIC PLUS,0.3820260167121887
2,100667,XY_XY Collection_Suit_Fashion_#_96_CORE,0.3318497836589813
3,100667,XY_XY At Leisure_Shirt_Fashion_F_42_FASHION,0.33136266469955444
4,100667,XY_XY Sports_Trouser_Fashion_#_92_FASHION,0.3309064209461212
5,100667,XY_XY Sports_Shirt_Basic Plus_F_42_BASIC PLUS,0.2794266641139984
6,100667,XY_XY Sports_Shirt_Basic Plus_F_40_BASIC PLUS,0.2789115309715271
7,100667,XY_XY Sports_Shirt_Fashion_F_40_FASHION,0.2786320149898529
8,100667,XZ_XZ Rider_T Shirt_Fashion_H_L_FASHION,0.27862709760665894
9,100667,XY_XY Classics_Shirt_Fashion_F_40_BASIC PLUS,0.27817195653915405
0,100671,XY_XY Collection_T Shirt_Basic Plus_H_L_BASIC PLUS,1.0
1,100671,XY_XY Collection_T Shirt_Basic Plus_H_XL_BASIC PLUS,0.6927719116210938
2,100671,XY_XY Collection_Trouser_Fashion_#_92_FASHION,0.63138747215271
3,100671,XY_XY Collection_T Shirt_Basic Plus_H_3XL_BASIC PLUS,0.571526825428009
4,100671,XY_XY Classics_Shirt_Fashion_F_39_BASIC PLUS,0.5698060989379883
5,100671,XY_XY Collection_T Shirt_Fashion_H_M_FASHION,0.5088375806808472
6,100671,XY_XY Collection_T Shirt_Basic Plus_H_M_BASIC PLUS,0.5088095664978027
7,100671,XY_XY Collection_T Shirt_Basic Plus_H_XXL_BASIC PLUS,0.5088018178939819
8,100671,XY_XY Permapress_Shirt_Fashion_F_40_BASIC PLUS,0.5087631940841675
9,100671,XY_XY Collection_Trouser_Fashion_#_86_FASHION,0.447772741317749
0,100696,XY_XY Sports_Shirt_Fashion_F_40_FASHION,1.0
1,100696,XY_XY Collection_Trouser_Basic Plus_#_86_BASIC PLUS,0.9995790123939514
2,100696,XZ_XZ Rider_Jeans_Basic Plus_#_82_BASIC PLUS,0.8532488942146301
3,100696,XY_XY Sports_Shirt_Fashion_F_42_FASHION,0.8480159044265747
4,100696,XY_XY Formal_Trouser_Core_#_108_CORE,0.7033255100250244
5,100696,XY_XY Sports_Shirt_Fashion_F_40_BASIC PLUS,0.6984987854957581
6,100696,XY_XY Sports_Shirt_Fashion_F_39_FASHION,0.6978813409805298
7,100696,XY_XY Collection_T Shirt_Basic Plus_H_M_BASIC PLUS,0.6974959969520569
8,100696,XY_XY Sports_Shirt_Basic Plus_F_42_BASIC PLUS,0.6974179148674011
9,100696,XY_XY Collection_T Shirt_High Fashion_H_M_HIGH FASHION,0.6971065998077393
0,100701,XY_XY Sports_Shirt_Fashion_F_42_BASIC PLUS,1.0
1,100701,XY_XY Sports_Shirt_Fashion_F_40_BASIC PLUS,0.7304481863975525
2,100701,XY_XY Sports_Shirt_Fashion_F_42_FASHION,0.7295618653297424
3,100701,XY_XY Sports_Shirt_Fashion_F_40_FASHION,0.4600655734539032
4,100701,XY_XY Sports_Shirt_Basic Plus_F_42_BASIC PLUS,0.3917456865310669
5,100701,XY_XY Sports_Shirt_Basic Plus_F_40_BASIC PLUS,0.39174363017082214
6,100701,XY_XY Sports_Trouser_Fashion_#_92_FASHION,0.25919032096862793
7,100701,XY_XY City_Shirt_Fashion_F_40_FASHION,0.25827154517173767
8,100701,XY_XY Sports_Trouser_Basic Plus_#_82_BASIC PLUS,0.25720837712287903
9,100701,XZ_XZ Rider_Shirt_Fashion_F_42_FASHION,0.2566227912902832
0,100702,XY_XY Permapress_Shirt_Fashion_F_40_FASHION,1.0
1,100702,XY_XY Sports_Shirt_Fashion_F_39_FASHION,0.9999424815177917
2,100702,XY_XY Sports_Trouser_Fashion_#_82_FASHION,0.6770201325416565
3,100702,XY_XY Sports_Shirt_Basic Plus_F_40_BASIC PLUS,0.6759769320487976
4,100702,XY_XY Permapress_Shirt_Fashion_F_40_BASIC PLUS,0.6752094030380249
5,100702,XY_XY Gods & Kings_Shirt_Basic Plus_F_39_BASIC PLUS,0.5948115587234497
6,100702,XY_XY Permapress_Shirt_Basic Plus_F_40_BASIC PLUS,0.5947164297103882
7,100702,XY_XY City_Shirt_Fashion_F_40_FASHION,0.5166880488395691
8,100702,XY_XY Permapress_Shirt_Fashion_F_39_FASHION,0.5147135257720947
9,100702,XY_XY Sports_Shirt_Fashion_F_42_FASHION,0.5144879221916199
0,100718,XY_XY Sports_Shirt_Fashion_F_40_FASHION,1.0
1,100718,XY_XY Sports_Shirt_Fashion_H_40_BASIC PLUS,0.8275742530822754
2,100718,XY_XY Sports_Shirt_Fashion_F_42_BASIC PLUS,0.826972484588623
3,100718,XY_XY Sports_Shirt_Fashion_F_39_FASHION,0.7122173309326172
4,100718,XY_XY Sports_Shirt_Fashion_F_42_FASHION,0.712169885635376
5,100718,XY_XY Sports_Trouser_Basic Plus_#_86_BASIC PLUS,0.6544782519340515
6,100718,XY_XY Sports_Trouser_Basic Plus_#_82_BASIC PLUS,0.597538948059082
7,100718,XY_XY Sports_Trouser_Fashion_#_86_CORE,0.5969499945640564
8,100718,XY_XY Sports_Shirt_Fashion_F_39_BASIC PLUS,0.539268434047699
9,100718,XY_XY Sports_Shirt_Basic Plus_F_42_BASIC PLUS,0.481130987405777
0,100725,XY_XY Sports_Shirt_Fashion_F_40_BASIC PLUS,1.0
1,100725,XY_XY Sports_Shirt_Fashion_F_39_BASIC PLUS,0.8962280750274658
2,100725,XY_XY Sports_Trouser_Basic Plus_#_86_BASIC PLUS,0.8440123796463013
3,100725,XZ_XZ Rider_T Shirt_Fashion_H_L_FASHION,0.7920852899551392
4,100725,XY_XY Sports_Shirt_Fashion_F_42_FASHION,0.6879474520683289
5,100725,XY_XY Permapress_Shirt_Fashion_F_42_BASIC PLUS,0.6360384821891785
6,100725,XY_XY Sports_Shirt_Fashion_F_39_FASHION,0.5842278599739075
7,100725,XZ_XZ Rider_Shirt_Fashion_F_39_FASHION,0.5838067531585693
8,100725,XZ_XZ Rider_Shirt_Fashion_F_42_FASHION,0.5324519872665405
9,100725,XZ_XZ Rider_T Shirt_Fashion_H_M_FASHION,0.53229159116745
0,100736,XY_XY Sports_Shirt_Fashion_F_42_FASHION,1.0
1,100736,XZ_XZ Rider_Shirt_Fashion_F_42_FASHION,0.6546117067337036
2,100736,XY_XY Permapress_Shirt_Basic Plus_F_40_BASIC PLUS,0.6542754173278809
3,100736,XY_XY Sports_Shirt_Basic Plus_F_42_BASIC PLUS,0.6539307236671448
4,100736,XZ_XZ Rider_Shirt_Fashion_F_40_FASHION,0.5971851348876953
5,100736,XY_XY Sports_Shirt_Fashion_F_39_FASHION,0.5966448187828064
6,100736,XY_XY Sports_Shirt_Fashion_F_42_BASIC PLUS,0.596537172794342
7,100736,XY_XY Permapress_Shirt_Fashion_F_39_FASHION,0.5964756608009338
8,100736,XY_XY Permapress_Shirt_Basic Plus_F_39_BASIC PLUS,0.5392416715621948
9,100736,XY_XY Gods & Kings_Shirt_Basic Plus_F_40_BASIC PLUS,0.48172247409820557
0,100744,XY_XY Sports_Shirt_Fashion_F_44_FASHION,0.9999999403953552
1,100744,XY_XY Sports_Shirt_Fashion_F_39_FASHION,0.7347524166107178
2,100744,XY_XY Sports_Shirt_Fashion_F_39_BASIC PLUS,0.7346011996269226
3,100744,XY_XY Sports_Shirt_Fashion_F_42_BASIC PLUS,0.6460543870925903
4,100744,XY_XY Sports_T Shirt_Fashion_H_L_FASHION,0.5587626099586487
5,100744,XY_XY Sports_Trouser_Basic Plus_#_82_BASIC PLUS,0.5577161908149719
6,100744,XY_XY Sports_T Shirt_Core_H_L_CORE,0.47075775265693665
7,100744,XY_XY Sports_T Shirt_Basic Plus_H_M_BASIC PLUS,0.47039589285850525
8,100744,XY_XY Collection_T Shirt_Basic Plus_H_M_BASIC PLUS,0.46955791115760803
9,100744,XY_XY City_Shirt_Fashion_F_40_FASHION,0.46929967403411865
0,100756,XY_XY Gods & Kings_Shirt_Basic Plus_F_39_BASIC PLUS,1.0
1,100756,XY_XY Permapress_Shirt_Basic Plus_F_39_BASIC PLUS,0.9993367791175842
2,100756,XY_XY Classics_Shirt_Fashion_F_39_FASHION,0.9993150234222412
3,100756,XY_XY Collection_Trouser_Basic Plus_#_86_BASIC PLUS,0.8929149508476257
4,100756,XY_XY Collection_Trouser_Fashion_#_92_FASHION,0.8924033641815186
5,100756,XY_XY Gods & Kings_Shirt_Fashion_F_39_FASHION,0.8923576474189758
6,100756,XY_XY Permapress_Shirt_Fashion_F_39_FASHION,0.7851343154907227
7,100756,XY_XY Gods & Kings_Shirt_Basic Plus_F_42_BASIC PLUS,0.7849032282829285
8,100756,XY_XY Classics_Shirt_Basic Plus_H_42_BASIC PLUS,0.7847242951393127
9,100756,XY_XY Gods & Kings_Shirt_Fashion_F_42_FASHION,0.6785598397254944
0,100762,XY_XY Gods & Kings_Shirt_Basic Plus_F_39_BASIC PLUS,1.0
1,100762,XY_XY Gods & Kings_Shirt_Basic Plus_F_40_BASIC PLUS,0.8820644021034241
2,100762,XY_XY Collection_Trouser_Fashion_#_86_FASHION,0.8820580840110779
3,100762,XY_XY Collection_Trouser_Fashion_#_96_FASHION,0.7636274695396423
4,100762,XY_XY At Leisure_Shirt_Basic Plus_H_42_BASIC PLUS,0.6507898569107056
5,100762,XZ_XZ Rider_T Shirt_Fashion_H_M_FASHION,0.6473346948623657
6,100762,XZ_XZ Rider_Shirt_Fashion_F_40_FASHION,0.6470307111740112
7,100762,XY_XY Sports_Trouser_Fashion_#_86_CORE,0.6468328237533569
8,100762,XY_XY Classics_Shirt_Fashion_F_40_FASHION,0.6456493139266968
9,100762,XY_XY Sports_Shirt_Fashion_F_39_BASIC PLUS,0.6455357670783997
0,100792,XY_XY Sports_Shirt_Fashion_F_40_BASIC PLUS,1.0
1,100792,XY_XY Formal_Trouser_Fashion_#_96_BASIC PLUS,0.792593777179718
2,100792,XY_XY Permapress_Shirt_Basic Plus_F_40_BASIC PLUS,0.6823739409446716
3,100792,XY_XY Gods & Kings_Shirt_Basic Plus_F_40_BASIC PLUS,0.682058572769165
4,100792,XY_XY Sports_Trouser_Basic Plus_#_92_BASIC PLUS,0.6811740398406982
5,100792,XY_XY Classics_Shirt_Basic Plus_F_42_BASIC PLUS,0.6802084445953369
6,100792,XY_XY Formal_Trouser_Fashion_#_82_BASIC PLUS,0.5761931538581848
7,100792,XY_XY Collection_Trouser_Fashion_#_86_FASHION,0.5759029388427734
8,100792,XY_XY Sports_Trouser_Basic Plus_#_86_BASIC PLUS,0.4694214165210724
9,100792,XY_XY Uniform_Shirt_Staff Uniform_F_42_FASHION,0.37064433097839355
0,100796,XY_XY Sports_Shirt_Fashion_F_40_FASHION,1.0
1,100796,XY_XY Sports_Shirt_Fashion_F_42_FASHION,0.9396525025367737
2,100796,XY_XY Sports_Shirt_Fashion_F_39_FASHION,0.8193089962005615
3,100796,XY_XY Sports_Shirt_Fashion_F_40_BASIC PLUS,0.6387516856193542
4,100796,XY_XY Sports_Shirt_Fashion_F_39_BASIC PLUS,0.5485578775405884
5,100796,XY_XY Sports_Shirt_Basic Plus_F_40_BASIC PLUS,0.5184659957885742
6,100796,XY_XY Gods & Kings_Shirt_Basic Plus_F_39_BASIC PLUS,0.48816123604774475
7,100796,XY_XY Sports_Shirt_Fashion_F_42_BASIC PLUS,0.4582448899745941
8,100796,XY_XY Sports_Shirt_Fashion_F_44_FASHION,0.45817896723747253
9,100796,XY_XY Sports_Shirt_Basic Plus_H_42_BASIC PLUS,0.4580599069595337
